--CLINIC
INSERT INTO CLINIC
(ID, ADDRESS, DESCRIPTION, NAME, RATING, PRICE, ROOM)

VALUES(1, 'To the left', 'This is clinic 1.', 'VMA', 10, 200, 'ORDINACIJA_1');

INSERT INTO CLINIC
(ID, ADDRESS, DESCRIPTION, NAME, RATING, PRICE, ROOM)

VALUES(2, 'To the right', 'This is clinic 2.', 'Betanija', 9, 150, 'ORDINACIJA_2');

--DOCTOR
INSERT INTO DOCTOR
( ID, ROLE, COUNTRY, CITY, STREET, EMAIL, FIRST_NAME, LAST_NAME, JMBG, PHONE, IS_VERIFIED, PASSWORD, VALIDATION_TOKEN, SECURITY_TOKEN, RATING, SHIFT_START, SHIFT_END, CLINIC_ID, ENABLED)
VALUES
(1, 'DOCTOR', 'RS', 'Novi Sad', 'Ulica 1', 'cccc@gmail.com', 'Isa', 'Klinike', '5454554545454', '0213222333', FALSE, 'cccccccc', NULL, '2D1EBC5B7D2741979CF0E84451C5BBB2', 10, '7:00', '15:00', 1, TRUE);

INSERT INTO DOCTOR
( ID, ROLE, COUNTRY, CITY, STREET, EMAIL, FIRST_NAME, LAST_NAME, JMBG, PHONE, IS_VERIFIED, PASSWORD, VALIDATION_TOKEN, SECURITY_TOKEN, RATING, SHIFT_START, SHIFT_END, CLINIC_ID, ENABLED)
VALUES
(2, 'DOCTOR', 'RS', 'Novi Sad', 'Ulica 2', 'dddd@gmail.com', 'Isa2', 'Klinike2', '5454554545454', '0213222333', TRUE, 'dddddddd', NULL, '2D1EBC5B7D2741979CF0E84451C5BBB3', 90, '7:00', '15:00', 1, TRUE);

INSERT INTO DOCTOR
( ID, ROLE, COUNTRY, CITY, STREET, EMAIL, FIRST_NAME, LAST_NAME, JMBG, PHONE, IS_VERIFIED, PASSWORD, VALIDATION_TOKEN, SECURITY_TOKEN, RATING, SHIFT_START, SHIFT_END, CLINIC_ID, ENABLED)
VALUES
(3, 'DOCTOR', 'RS', 'Novi Sad', 'Ulica 2', 'eeee@gmail.com', 'Isa', 'Klinike', '5454554545454', '0213222333', TRUE, 'eeeeeeee', NULL, '2D1EBC5B7E2741979CF0E84451C5BBB3', 10, '15:00', '23:00', 2, TRUE);


--SCHEDULE
INSERT INTO SCHEDULE
(ID, DAY, TIME, DOCTOR_ID)
VALUES
(1, 4, 8, 1);

INSERT INTO SCHEDULE
(ID, DAY, TIME, DOCTOR_ID)
VALUES
(2, 4, 9, 1);

INSERT INTO SCHEDULE
(ID, DAY, TIME, DOCTOR_ID)
VALUES
(3, 4, 10, 1);

--USER
INSERT INTO USER
( ID, ROLE, COUNTRY, CITY, STREET, EMAIL, FIRST_NAME, LAST_NAME, JMBG, PHONE, IS_VERIFIED, PASSWORD, VALIDATION_TOKEN, SECURITY_TOKEN, CLINIC_ID, ENABLED)
VALUES
(1, 'USER', 'RS', 'Novi Sad', 'Ulica 1', 'neznam@gmail.com', 'Isa', 'Klinike', '5454554545454', '0213222333', TRUE, 'neznamneznam', NULL, '2D1EBC5B7D2741979CF0E84451C5BBB1', 1, TRUE);

INSERT INTO USER
( ID, ROLE, COUNTRY, CITY, STREET, EMAIL, FIRST_NAME, LAST_NAME, JMBG, PHONE, IS_VERIFIED, PASSWORD, VALIDATION_TOKEN, SECURITY_TOKEN, CLINIC_ID, ENABLED)
VALUES
(2, 'USER', 'RS', 'Novi Sad', 'Ulica 1', 'zzzz@gmail.com', 'Isa', 'Klinike', '6454554545454', '0213222333', FALSE, 'zzzzzzzz', NULL, '3D1EBC5B7D2741979CF0E84451C5BBB1', 1, TRUE);

INSERT INTO USER
( ID, ROLE, COUNTRY, CITY, STREET, EMAIL, FIRST_NAME, LAST_NAME, JMBG, PHONE, IS_VERIFIED, PASSWORD, VALIDATION_TOKEN, SECURITY_TOKEN, CLINIC_ID, ENABLED)
VALUES
(3, 'USER', 'RS', 'Novi Sad', 'Ulica 1', 'isaklinikeeee@gmail.com', 'Isaaa', 'Klinikeeeee', '7454554545454', '0213222333', TRUE, 'neznamneznam', NULL, '2D1EBC6B7E2741979CF0E84451C5BBB1', 1, TRUE);

INSERT INTO USER
( ID, ROLE, COUNTRY, CITY, STREET, EMAIL, FIRST_NAME, LAST_NAME, JMBG, PHONE, IS_VERIFIED, PASSWORD, VALIDATION_TOKEN, SECURITY_TOKEN, CLINIC_ID, ENABLED)
VALUES
(4, 'USER', 'RS', 'Novi Sad', 'Ulica 1', 'nikeeee@gmail.com', 'Isaaa', 'Klinikeeeee', '8454554545454', '0213222333', TRUE, 'isaKlinike20', NULL, '2D1EBC6B7E2741979CF0E84451C5BBB1', 2, TRUE);

INSERT INTO USER
( ID, ROLE, COUNTRY, CITY, STREET, EMAIL, FIRST_NAME, LAST_NAME, JMBG, PHONE, IS_VERIFIED, PASSWORD, VALIDATION_TOKEN, SECURITY_TOKEN, CLINIC_ID, ENABLED)
VALUES
(5, 'USER', 'RS', 'Novi Sad', 'Ulica 1', 'oooooo@gmail.com', 'Isooo', 'Klinikooo', '9454554545454', '0213222333', TRUE, 'isaKlinike20', NULL, '2D1EBC6B7E2741979CF0E84451C5BBB1', 2, TRUE);


--APPOINTMENT
INSERT INTO APPOINTMENT
(ID, DATE, SCHEDULE_ID, PATIENT_ID, PRICE, DISCOUNT, CONFIRMED)
VALUES (1,  PARSEDATETIME('1 Jan 2020, 08:00:00 AM','dd MMM yyyy, hh:mm:ss a','en'), 1, NULL, 200, 10, FALSE );

INSERT INTO APPOINTMENT
(ID, DATE, SCHEDULE_ID, PATIENT_ID, PRICE, DISCOUNT, CONFIRMED)
VALUES (2,  PARSEDATETIME('1 Jan 2020, 09:00:00 AM','dd MMM yyyy, hh:mm:ss a','en'), 2, NULL, 200, 10, FALSE );

INSERT INTO APPOINTMENT
(ID, DATE, SCHEDULE_ID, PATIENT_ID, PRICE, DISCOUNT, CONFIRMED)
VALUES (3,  PARSEDATETIME('8 Jan 2020, 08:00:00 AM','dd MMM yyyy, hh:mm:ss a','en'), 1, NULL, 200, 10, FALSE );

INSERT INTO APPOINTMENT
(ID, DATE, SCHEDULE_ID, PATIENT_ID, PRICE, DISCOUNT, CONFIRMED)
VALUES (4,  PARSEDATETIME('8 Jan 2020, 09:00:00 AM','dd MMM yyyy, hh:mm:ss a','en'), 2, NULL, 200, 10, FALSE );

INSERT INTO APPOINTMENT
(ID, DATE, SCHEDULE_ID, PATIENT_ID, PRICE, DISCOUNT, CONFIRMED)
VALUES (5,  PARSEDATETIME('8 Jan 2020, 10:00:00 AM','dd MMM yyyy, hh:mm:ss a','en'), 3, NULL, 200, 10, FALSE );


--CLINICADMIN
INSERT INTO CLINICADMIN
( ID, ROLE, COUNTRY, CITY, STREET, EMAIL, FIRST_NAME, LAST_NAME, JMBG, PHONE, IS_VERIFIED, PASSWORD, VALIDATION_TOKEN, SECURITY_TOKEN, CLINIC_ID)
VALUES
(1, 'CLINICADMIN', 'RS', 'Novi Sad', 'Ulica 1', 'abab@gmail.com', 'Isa', 'Klinike', '5454554545454', '0213222333', TRUE, 'abcde123', NULL, '2D1EBC5B7D2741979CF0E84451C5BBB4', 1);

INSERT INTO CLINICADMIN
( ID, ROLE, COUNTRY, CITY, STREET, EMAIL, FIRST_NAME, LAST_NAME, JMBG, PHONE, IS_VERIFIED, PASSWORD, VALIDATION_TOKEN, SECURITY_TOKEN, CLINIC_ID)
VALUES
(2, 'CLINICADMIN', 'RS', 'Novi Sad', 'Ulica 1', 'aabb@gmail.com', 'Isa', 'Klinike', '5454554545454', '0213222333', FALSE, 'aabbaabb', NULL, '2D1EBC5B7D2741979CF1E84451C5BBB4', 2);


--ROOM
INSERT INTO ROOM
(ID, NAME, NUMBER, CLINIC_ID, ENABLED)
VALUES (1, 'A', '1', 1, TRUE);

INSERT INTO ROOM
(ID, NAME, NUMBER, CLINIC_ID, ENABLED)
VALUES (2, 'A', '2', 1, TRUE);

INSERT INTO ROOM
(ID, NAME, NUMBER, CLINIC_ID, ENABLED)
VALUES (3, 'B', '1', 1, TRUE);

INSERT INTO ROOM
(ID, NAME, NUMBER, CLINIC_ID, ENABLED)
VALUES (4, 'C', '1', 2, TRUE);

INSERT INTO ROOM
(ID, NAME, NUMBER, CLINIC_ID, ENABLED)
VALUES (5, 'C', '2', 2, TRUE);


--CHECKUPTYPE
INSERT INTO CHECKUPTYPE
(ID, NAME, PRICE, CLINIC_ID, ENABLED)
VALUES (1, 'type1', 1000, 1, TRUE);

INSERT INTO CHECKUPTYPE
(ID, NAME, PRICE, CLINIC_ID, ENABLED)
VALUES (2, 'type2', 500, 1, TRUE);

INSERT INTO CHECKUPTYPE
(ID, NAME, PRICE, CLINIC_ID, ENABLED)
VALUES (3, 'type3', 1800, 1, TRUE);

INSERT INTO CHECKUPTYPE
(ID, NAME, PRICE, CLINIC_ID, ENABLED)
VALUES (4, 'type4', 200, 2, TRUE);

INSERT INTO CHECKUPTYPE
(ID, NAME, PRICE, CLINIC_ID, ENABLED)
VALUES (5, 'type5', 600, 2, TRUE);


--MEDICALCHECKUP
INSERT INTO MEDICALCHECKUP
(ID, DATE, TIME, DURATION, PRICE, FREE, CHECKUPTYPE_ID, CLINIC_ID, ROOM_ID, DOCTOR_ID, PATIENT_ID, NOTES, END_NOTES, FINISHED)
VALUES (1, '2020-03-03', '18:00', '300', 4000, FALSE, 2, 1, 3, 2, 1, 'This is the first one.', '', FALSE);

INSERT INTO MEDICALCHECKUP
(ID, DATE, TIME, DURATION, PRICE, FREE, CHECKUPTYPE_ID, CLINIC_ID, ROOM_ID, DOCTOR_ID, PATIENT_ID, NOTES, END_NOTES, FINISHED)
VALUES (2, '2020-03-06', '18:00', '5500', 53000, FALSE, 1, 1, 3, 2, 3, 'This is the second one.', '', FALSE);

INSERT INTO MEDICALCHECKUP
(ID, DATE, TIME, DURATION, PRICE, FREE, CHECKUPTYPE_ID, CLINIC_ID, ROOM_ID, DOCTOR_ID, PATIENT_ID, NOTES, END_NOTES, FINISHED)
VALUES (3, '2020-04-03', '8:00', '30066', 30, TRUE, 3, 1, 1, 2, null, 'This is the third one.', '', FALSE);

INSERT INTO MEDICALCHECKUP
(ID, DATE, TIME, DURATION, PRICE, FREE, CHECKUPTYPE_ID, CLINIC_ID, ROOM_ID, DOCTOR_ID, PATIENT_ID, NOTES, END_NOTES, FINISHED)
VALUES (4, '2020-05-03', '3:00', '3007', 600, TRUE, 1, 1, 2, 1, null, 'This is the fourth one.', '', FALSE);

INSERT INTO MEDICALCHECKUP
(ID, DATE, TIME, DURATION, PRICE, FREE, CHECKUPTYPE_ID, CLINIC_ID, ROOM_ID, DOCTOR_ID, PATIENT_ID, NOTES, END_NOTES, FINISHED)
VALUES (5, '2020-06-03', '23:00', '4', 30, TRUE, 2, 1, 2, 1, null, 'This is the fifth one.', '', FALSE);

INSERT INTO MEDICALCHECKUP
(ID, DATE, TIME, DURATION, PRICE, FREE, CHECKUPTYPE_ID, CLINIC_ID, ROOM_ID, DOCTOR_ID, PATIENT_ID, NOTES, END_NOTES, FINISHED)
VALUES (6, '2020-07-03', '22:00', '50', 30, FALSE, 3, 1, null, 1, 1, 'This is the sixth one.', '', FALSE);

INSERT INTO MEDICALCHECKUP
(ID, DATE, TIME, DURATION, PRICE, FREE, CHECKUPTYPE_ID, CLINIC_ID, ROOM_ID, DOCTOR_ID, PATIENT_ID, NOTES, END_NOTES, FINISHED)
VALUES (7, '2020-08-03', '18:00', '10', 30, FALSE, 2, 1, null, 1, 3, 'This is the seventh one.', '', FALSE);


--VACATION
INSERT INTO VACATION
(ID, DOCTOR_ID, START_DATE, END_DATE, APPROVED, ENABLED)
VALUES (1, 2, '1/1/2020', '3/3/2020', FALSE, TRUE);

INSERT INTO VACATION
(ID, DOCTOR_ID, START_DATE, END_DATE, APPROVED, ENABLED)
VALUES (2, 2, '1/1/2020', '3/5/2020', FALSE, FALSE);

INSERT INTO VACATION
(ID, DOCTOR_ID, START_DATE, END_DATE, APPROVED, ENABLED)
VALUES (3, 2, '1/1/2020', '10/10/2020', FALSE, FALSE);

INSERT INTO VACATION
(ID, DOCTOR_ID, START_DATE, END_DATE, APPROVED, ENABLED)
VALUES (4, 3, '1/1/2020', '4/7/2020', FALSE, TRUE);

INSERT INTO VACATION
(ID, DOCTOR_ID, START_DATE, END_DATE, APPROVED, ENABLED)
VALUES (5, 2, '1/10/2020', '2/10/2020', TRUE, TRUE);



