--CLINIC
INSERT INTO CLINIC
(ID, ADDRESS, DESCRIPTION, NAME, RATING, PRICE, ROOM)

VALUES(1, 'To the left', 'This is clinic 1.', 'VMA', 10, 200, 'ORDINACIJA_1');

INSERT INTO CLINIC
(ID, ADDRESS, DESCRIPTION, NAME, RATING, PRICE, ROOM)

VALUES(2, 'To the right', 'This is clinic 2.', 'Betanija', 9, 150, 'ORDINACIJA_2');

--DOCTOR
INSERT INTO DOCTOR
( ID, ROLE, COUNTRY, CITY, STREET, EMAIL, FIRST_NAME, LAST_NAME, JMBG, PHONE, IS_VERIFIED, PASSWORD, VALIDATION_TOKEN, SECURITY_TOKEN, RATING, SHIFT_START, SHIFT_END, CLINIC_ID, ENABLED)
VALUES
(1, 'DOCTOR', 'RS', 'Novi Sad', 'Ulica 1', 'cccc@gmail.com', 'Isa', 'Klinike', '5454554545454', '0213222333', FALSE, 'cccccccc', NULL, '2D1EBC5B7D2741979CF0E84451C5BBB2', 10, 7.00, 15.00, 1, TRUE);

INSERT INTO DOCTOR
( ID, ROLE, COUNTRY, CITY, STREET, EMAIL, FIRST_NAME, LAST_NAME, JMBG, PHONE, IS_VERIFIED, PASSWORD, VALIDATION_TOKEN, SECURITY_TOKEN, RATING, SHIFT_START, SHIFT_END, CLINIC_ID, ENABLED)
VALUES
(2, 'DOCTOR', 'RS', 'Novi Sad', 'Ulica 2', 'dddd@gmail.com', 'Isa2', 'Klinike2', '5454554545454', '0213222333', TRUE, 'dddddddd', NULL, '2D1EBC5B7D2741979CF0E84451C5BBB3', 90, 7.00, 15.00, 1, TRUE);

INSERT INTO DOCTOR
( ID, ROLE, COUNTRY, CITY, STREET, EMAIL, FIRST_NAME, LAST_NAME, JMBG, PHONE, IS_VERIFIED, PASSWORD, VALIDATION_TOKEN, SECURITY_TOKEN, RATING, SHIFT_START, SHIFT_END, CLINIC_ID, ENABLED)
VALUES
(3, 'DOCTOR', 'RS', 'Novi Sad', 'Ulica 2', 'eeee@gmail.com', 'Isa', 'Klinike', '5454554545454', '0213222333', TRUE, 'eeeeeeee', NULL, '2D1EBC5B7E2741979CF0E84451C5BBB3', 10, 15.00, 23.00, 2, TRUE);


--SCHEDULE
INSERT INTO SCHEDULE
(ID, DAY, TIME, DOCTOR_ID)
VALUES
(1, 4, 8, 1);

INSERT INTO SCHEDULE
(ID, DAY, TIME, DOCTOR_ID)
VALUES
(2, 4, 9, 1);

INSERT INTO SCHEDULE
(ID, DAY, TIME, DOCTOR_ID)
VALUES
(3, 4, 10, 1);

--USER
INSERT INTO USER
( ID, ROLE, COUNTRY, CITY, STREET, EMAIL, FIRST_NAME, LAST_NAME, JMBG, PHONE, IS_VERIFIED, PASSWORD, VALIDATION_TOKEN, SECURITY_TOKEN)
VALUES
(1, 'USER', 'RS', 'Novi Sad', 'Ulica 1', 'isaklinike@gmail.com', 'Isa', 'Klinike', '5454554545454', '0213222333', TRUE, 'isaKlinike20', NULL, '2D1EBC5B7D2741979CF0E84451C5BBB1');

INSERT INTO USER
( ID, ROLE, COUNTRY, CITY, STREET, EMAIL, FIRST_NAME, LAST_NAME, JMBG, PHONE, IS_VERIFIED, PASSWORD, VALIDATION_TOKEN, SECURITY_TOKEN)
VALUES
(2, 'USER', 'RS', 'Novi Sad', 'Ulica 1', 'zzzz@gmail.com', 'Isa', 'Klinike', '5454554545454', '0213222333', FALSE, 'zzzzzzzz', NULL, '3D1EBC5B7D2741979CF0E84451C5BBB1');


--APPOINTMENT
INSERT INTO APPOINTMENT
(ID, DATE, SCHEDULE_ID, PATIENT_ID, PRICE, DISCOUNT, CONFIRMED)
VALUES (1,  PARSEDATETIME('1 Jan 2020, 08:00:00 AM','dd MMM yyyy, hh:mm:ss a','en'), 1, NULL, 200, 10, FALSE );

INSERT INTO APPOINTMENT
(ID, DATE, SCHEDULE_ID, PATIENT_ID, PRICE, DISCOUNT, CONFIRMED)
VALUES (2,  PARSEDATETIME('1 Jan 2020, 09:00:00 AM','dd MMM yyyy, hh:mm:ss a','en'), 2, NULL, 200, 10, FALSE );

INSERT INTO APPOINTMENT
(ID, DATE, SCHEDULE_ID, PATIENT_ID, PRICE, DISCOUNT, CONFIRMED)
VALUES (3,  PARSEDATETIME('8 Jan 2020, 08:00:00 AM','dd MMM yyyy, hh:mm:ss a','en'), 1, NULL, 200, 10, FALSE );

INSERT INTO APPOINTMENT
(ID, DATE, SCHEDULE_ID, PATIENT_ID, PRICE, DISCOUNT, CONFIRMED)
VALUES (4,  PARSEDATETIME('8 Jan 2020, 09:00:00 AM','dd MMM yyyy, hh:mm:ss a','en'), 2, NULL, 200, 10, FALSE );

INSERT INTO APPOINTMENT
(ID, DATE, SCHEDULE_ID, PATIENT_ID, PRICE, DISCOUNT, CONFIRMED)
VALUES (5,  PARSEDATETIME('8 Jan 2020, 10:00:00 AM','dd MMM yyyy, hh:mm:ss a','en'), 3, NULL, 200, 10, FALSE );


--CLINICADMIN
INSERT INTO CLINICADMIN
( ID, ROLE, COUNTRY, CITY, STREET, EMAIL, FIRST_NAME, LAST_NAME, JMBG, PHONE, IS_VERIFIED, PASSWORD, VALIDATION_TOKEN, SECURITY_TOKEN, CLINIC_ID)
VALUES
(1, 'CLINICADMIN', 'RS', 'Novi Sad', 'Ulica 1', 'abab@gmail.com', 'Isa', 'Klinike', '5454554545454', '0213222333', TRUE, 'abcde123', NULL, '2D1EBC5B7D2741979CF0E84451C5BBB4', 1);

INSERT INTO CLINICADMIN
( ID, ROLE, COUNTRY, CITY, STREET, EMAIL, FIRST_NAME, LAST_NAME, JMBG, PHONE, IS_VERIFIED, PASSWORD, VALIDATION_TOKEN, SECURITY_TOKEN, CLINIC_ID)
VALUES
(2, 'CLINICADMIN', 'RS', 'Novi Sad', 'Ulica 1', 'aabb@gmail.com', 'Isa', 'Klinike', '5454554545454', '0213222333', FALSE, 'aabbaabb', NULL, '2D1EBC5B7D2741979CF1E84451C5BBB4', 2);


--ROOM
INSERT INTO ROOM
(ID, NAME, NUMBER, CLINIC_ID, ENABLED)
VALUES (1, 'A', '1', 1, TRUE);

INSERT INTO ROOM
(ID, NAME, NUMBER, CLINIC_ID, ENABLED)
VALUES (2, 'A', '2', 1, TRUE);

INSERT INTO ROOM
(ID, NAME, NUMBER, CLINIC_ID, ENABLED)
VALUES (3, 'B', '1', 1, TRUE);

INSERT INTO ROOM
(ID, NAME, NUMBER, CLINIC_ID, ENABLED)
VALUES (4, 'C', '1', 2, TRUE);

INSERT INTO ROOM
(ID, NAME, NUMBER, CLINIC_ID, ENABLED)
VALUES (5, 'C', '2', 2, TRUE);


--CHECKUPTYPE
INSERT INTO CHECKUPTYPE
(ID, NAME, PRICE, CLINIC_ID, ENABLED)
VALUES (1, 'type1', 1000, 1, TRUE);

INSERT INTO CHECKUPTYPE
(ID, NAME, PRICE, CLINIC_ID, ENABLED)
VALUES (2, 'type2', 500, 1, TRUE);

INSERT INTO CHECKUPTYPE
(ID, NAME, PRICE, CLINIC_ID, ENABLED)
VALUES (3, 'type3', 1800, 1, TRUE);

INSERT INTO CHECKUPTYPE
(ID, NAME, PRICE, CLINIC_ID, ENABLED)
VALUES (4, 'type4', 200, 2, TRUE);

INSERT INTO CHECKUPTYPE
(ID, NAME, PRICE, CLINIC_ID, ENABLED)
VALUES (5, 'type5', 600, 2, TRUE);