--CLINIC
INSERT INTO CLINIC
(ID, ADDRESS, DESCRIPTION, NAME, RATING, PRICE)

VALUES(1, 'To the left', 'This is clinic 1.', 'VMA', 10, 200);

INSERT INTO CLINIC
(ID, ADDRESS, DESCRIPTION, NAME, RATING, PRICE)

VALUES(2, 'To the right', 'This is clinic 2.', 'Betanija', 9, 150);

--DOCTOR
INSERT INTO DOCTOR
( ID, ROLE, COUNTRY, CITY, STREET, EMAIL, FIRST_NAME, LAST_NAME, JMBG, PHONE, IS_VERIFIED, PASSWORD, VALIDATION_TOKEN, SECURITY_TOKEN, RATING, SHIFT_START, SHIFT_END, CLINIC_ID, ENABLED, FIRST_LOGIN)
VALUES
(1, 'DOCTOR', 'RS', 'Novi Sad', 'Ulica 1', 'cccc@gmail.com', 'Aleksandar', 'Aleksandrovic', '5454554545454', '0213222333', FALSE, 'cccccccc', NULL, '2D1EBC5B7D2741979CF0E84451C5BBB2', 10, '7:00', '15:00', 1, TRUE, TRUE);

INSERT INTO DOCTOR
( ID, ROLE, COUNTRY, CITY, STREET, EMAIL, FIRST_NAME, LAST_NAME, JMBG, PHONE, IS_VERIFIED, PASSWORD, VALIDATION_TOKEN, SECURITY_TOKEN, RATING, SHIFT_START, SHIFT_END, CLINIC_ID, ENABLED, FIRST_LOGIN)
VALUES
(2, 'DOCTOR', 'RS', 'Novi Sad', 'Ulica 2', 'dddd@gmail.com', 'Damir', 'Damirovic', '5454554545454', '0213222333', TRUE, 'dddddddd', NULL, '2D1EBC5B7D2741979CF0E84451C5BBB3', 9, '7:00', '15:00', 1, TRUE, FALSE);

INSERT INTO DOCTOR
( ID, ROLE, COUNTRY, CITY, STREET, EMAIL, FIRST_NAME, LAST_NAME, JMBG, PHONE, IS_VERIFIED, PASSWORD, VALIDATION_TOKEN, SECURITY_TOKEN, RATING, SHIFT_START, SHIFT_END, CLINIC_ID, ENABLED, FIRST_LOGIN)
VALUES
(3, 'DOCTOR', 'RS', 'Novi Sad', 'Ulica 2', 'eeee@gmail.com', 'Dimitrije', 'Dimitrijevic', '5454554545454', '0213222333', TRUE, 'eeeeeeee', NULL, '2D1EBC5B7E2741979CF0E84451C5BBB3', 10, '15:00', '23:00', 2, TRUE, TRUE);


--SCHEDULE
INSERT INTO SCHEDULE
(ID, DAY, TIME, DOCTOR_ID)
VALUES
(1, 4, 8, 1);

INSERT INTO SCHEDULE
(ID, DAY, TIME, DOCTOR_ID)
VALUES
(2, 4, 9, 1);

INSERT INTO SCHEDULE
(ID, DAY, TIME, DOCTOR_ID)
VALUES
(3, 4, 10, 1);

--USER
INSERT INTO USER
( ID, ROLE, COUNTRY, CITY, STREET, EMAIL, FIRST_NAME, LAST_NAME, JMBG, PHONE, IS_VERIFIED, PASSWORD, VALIDATION_TOKEN, SECURITY_TOKEN, CLINIC_ID, ENABLED, FIRST_LOGIN)
VALUES
(1, 'USER', 'RS', 'Novi Sad', 'Ulica 1', 'neznam@gmail.com', 'Svetlana', 'Svetlanovic', '5454554545454', '0213222333', TRUE, 'neznamneznam', NULL, '2D1EBC5B7D2741979CF0E84451C5BBB1', 1, TRUE, TRUE);

INSERT INTO USER
( ID, ROLE, COUNTRY, CITY, STREET, EMAIL, FIRST_NAME, LAST_NAME, JMBG, PHONE, IS_VERIFIED, PASSWORD, VALIDATION_TOKEN, SECURITY_TOKEN, CLINIC_ID, ENABLED, FIRST_LOGIN)
VALUES
(2, 'USER', 'RS', 'Novi Sad', 'Ulica 1', 'zzzz@gmail.com', 'Jagodinka', 'Jagodinkovic', '6454554545454', '0213222333', FALSE, 'zzzzzzzz', NULL, '3D1EBC5B7D2741979CF0E84451C5BBB1', 1, TRUE, TRUE);

INSERT INTO USER
( ID, ROLE, COUNTRY, CITY, STREET, EMAIL, FIRST_NAME, LAST_NAME, JMBG, PHONE, IS_VERIFIED, PASSWORD, VALIDATION_TOKEN, SECURITY_TOKEN, CLINIC_ID, ENABLED, FIRST_LOGIN)
VALUES
(3, 'USER', 'RS', 'Novi Sad', 'Ulica 1', 'ssssstojadinka@gmail.com', 'Stojadinka', 'Stojadinkovic', '7454554545454', '0213222333', TRUE, 'neznamneznam', NULL, '2D1EBC6B7E2741979CF0E84451C5BBB1', 1, TRUE, TRUE);

INSERT INTO USER
( ID, ROLE, COUNTRY, CITY, STREET, EMAIL, FIRST_NAME, LAST_NAME, JMBG, PHONE, IS_VERIFIED, PASSWORD, VALIDATION_TOKEN, SECURITY_TOKEN, CLINIC_ID, ENABLED, FIRST_LOGIN)
VALUES
(4, 'USER', 'RS', 'Novi Sad', 'Ulica 1', 'mmmmmiomir@gmail.com', 'Miomir', 'Miomirovic', '8454554545454', '0213222333', TRUE, 'isaKlinike20', NULL, '2D1EBC6B7E2741979CF0E84451C5BBB1', 2, TRUE, TRUE);

INSERT INTO USER
( ID, ROLE, COUNTRY, CITY, STREET, EMAIL, FIRST_NAME, LAST_NAME, JMBG, PHONE, IS_VERIFIED, PASSWORD, VALIDATION_TOKEN, SECURITY_TOKEN, CLINIC_ID, ENABLED, FIRST_LOGIN)
VALUES
(5, 'USER', 'RS', 'Novi Sad', 'Ulica 1', 'oooooo@gmail.com', 'Marinko', 'Marinkovic', '9454554545454', '0213222333', TRUE, 'isaKlinike20', NULL, '2D1EBC6B7E2741979CF0E84451C5BBB1', 2, TRUE, TRUE);


--CLINICADMIN
INSERT INTO CLINICADMIN
( ID, ROLE, COUNTRY, CITY, STREET, EMAIL, FIRST_NAME, LAST_NAME, JMBG, PHONE, IS_VERIFIED, PASSWORD, VALIDATION_TOKEN, SECURITY_TOKEN, CLINIC_ID, FIRST_LOGIN)
VALUES
(1, 'CLINICADMIN', 'RS', 'Novi Sad', 'Ulica 1', 'abab@gmail.com', 'Sinisa', 'Sinisovic', '5454554545454', '0213222333', TRUE, 'abcde123', NULL, '2D1EBC5B7D2741979CF0E84451C5BBB4', 1, FALSE);

INSERT INTO CLINICADMIN
( ID, ROLE, COUNTRY, CITY, STREET, EMAIL, FIRST_NAME, LAST_NAME, JMBG, PHONE, IS_VERIFIED, PASSWORD, VALIDATION_TOKEN, SECURITY_TOKEN, CLINIC_ID, FIRST_LOGIN)
VALUES
(2, 'CLINICADMIN', 'RS', 'Novi Sad', 'Ulica 1', 'aabb@gmail.com', 'Nevena', 'Nevenovic', '5454554545454', '0213222333', FALSE, 'aabbaabb', NULL, '2D1EBC5B7D2741979CF1E84451C5BBB4', 2, TRUE);


--ROOM
INSERT INTO ROOM
(ID, NAME, NUMBER, CLINIC_ID, ENABLED)
VALUES (1, 'A', '1', 1, TRUE);

INSERT INTO ROOM
(ID, NAME, NUMBER, CLINIC_ID, ENABLED)
VALUES (2, 'A', '2', 1, TRUE);

INSERT INTO ROOM
(ID, NAME, NUMBER, CLINIC_ID, ENABLED)
VALUES (3, 'B', '1', 1, TRUE);

INSERT INTO ROOM
(ID, NAME, NUMBER, CLINIC_ID, ENABLED)
VALUES (4, 'C', '1', 2, TRUE);

INSERT INTO ROOM
(ID, NAME, NUMBER, CLINIC_ID, ENABLED)
VALUES (5, 'C', '2', 2, TRUE);


--CHECKUPTYPE
INSERT INTO CHECKUPTYPE
(ID, NAME, PRICE, CLINIC_ID, ENABLED)
VALUES (1, 'type1', 1000, 1, TRUE);

INSERT INTO CHECKUPTYPE
(ID, NAME, PRICE, CLINIC_ID, ENABLED)
VALUES (2, 'type2', 500, 1, TRUE);

INSERT INTO CHECKUPTYPE
(ID, NAME, PRICE, CLINIC_ID, ENABLED)
VALUES (3, 'type3', 1800, 1, TRUE);

INSERT INTO CHECKUPTYPE
(ID, NAME, PRICE, CLINIC_ID, ENABLED)
VALUES (4, 'type4', 200, 2, TRUE);

INSERT INTO CHECKUPTYPE
(ID, NAME, PRICE, CLINIC_ID, ENABLED)
VALUES (5, 'type5', 600, 2, TRUE);


--MEDICALCHECKUP NOT FINISHED
INSERT INTO MEDICALCHECKUP
(ID, DATE, TIME, DURATION, PRICE, FREE, CHECKUPTYPE_ID, CLINIC_ID, ROOM_ID, DOCTOR_ID, PATIENT_ID, NOTES, END_NOTES, FINISHED, VERSION, IN_PROGRESS)
VALUES (1, '03/03/2020', '18:00', '300', 4000, FALSE, 2, 1, 3, 2, 1, 'This is the first one.', '', FALSE, 0, FALSE);

INSERT INTO MEDICALCHECKUP
(ID, DATE, TIME, DURATION, PRICE, FREE, CHECKUPTYPE_ID, CLINIC_ID, ROOM_ID, DOCTOR_ID, PATIENT_ID, NOTES, END_NOTES, FINISHED, VERSION, IN_PROGRESS)
VALUES (2, '03/06/2020', '18:00', '5500', 53000, FALSE, 1, 1, 3, 2, 3, 'This is the second one.', '', FALSE, 0, FALSE);

INSERT INTO MEDICALCHECKUP
(ID, DATE, TIME, DURATION, PRICE, FREE, CHECKUPTYPE_ID, CLINIC_ID, ROOM_ID, DOCTOR_ID, PATIENT_ID, NOTES, END_NOTES, FINISHED, VERSION, IN_PROGRESS)
VALUES (3, '04/06/2020', '8:00', '30066', 30, TRUE, 3, 1, 1, 2, null, 'This is the third one.', '', FALSE, 0, FALSE);

INSERT INTO MEDICALCHECKUP
(ID, DATE, TIME, DURATION, PRICE, FREE, CHECKUPTYPE_ID, CLINIC_ID, ROOM_ID, DOCTOR_ID, PATIENT_ID, NOTES, END_NOTES, FINISHED, VERSION, IN_PROGRESS)
VALUES (4, '05/03/2020', '3:00', '3007', 600, TRUE, 1, 1, 2, 2, null, 'This is the fourth one.', '', FALSE, 0, FALSE);

INSERT INTO MEDICALCHECKUP
(ID, DATE, TIME, DURATION, PRICE, FREE, CHECKUPTYPE_ID, CLINIC_ID, ROOM_ID, DOCTOR_ID, PATIENT_ID, NOTES, END_NOTES, FINISHED, VERSION, IN_PROGRESS)
VALUES (5, '06/03/2020', '23:00', '4', 30, TRUE, 2, 1, 2, 1, null, 'This is the fifth one.', '', FALSE, 0, FALSE);

INSERT INTO MEDICALCHECKUP
(ID, DATE, TIME, DURATION, PRICE, FREE, CHECKUPTYPE_ID, CLINIC_ID, ROOM_ID, DOCTOR_ID, PATIENT_ID, NOTES, END_NOTES, FINISHED, VERSION, IN_PROGRESS)
VALUES (6, '07/03/2020', '22:00', '50', 30, FALSE, 3, 1, null, 2, 1, 'This is the sixth one.', '', FALSE, 0, FALSE);

INSERT INTO MEDICALCHECKUP
(ID, DATE, TIME, DURATION, PRICE, FREE, CHECKUPTYPE_ID, CLINIC_ID, ROOM_ID, DOCTOR_ID, PATIENT_ID, NOTES, END_NOTES, FINISHED, VERSION, IN_PROGRESS)
VALUES (7, '08/03/2020', '18:00', '10', 30, FALSE, 2, 1, null, 2, 3, 'This is the seventh one.', '', FALSE, 0, FALSE);

--MEDICALCHECKUP FINISHED
INSERT INTO MEDICALCHECKUP
(ID, DATE, TIME, DURATION, PRICE, FREE, CHECKUPTYPE_ID, CLINIC_ID, ROOM_ID, DOCTOR_ID, PATIENT_ID, NOTES, END_NOTES, FINISHED, VERSION, IN_PROGRESS)
VALUES (8, '01/03/2020', '18:00', '300', 4000, FALSE, 2, 1, 3, 2, 1, 'This is the first one.', '', TRUE, 0, FALSE);

INSERT INTO MEDICALCHECKUP
(ID, DATE, TIME, DURATION, PRICE, FREE, CHECKUPTYPE_ID, CLINIC_ID, ROOM_ID, DOCTOR_ID, PATIENT_ID, NOTES, END_NOTES, FINISHED, VERSION, IN_PROGRESS)
VALUES (9, '01/06/2020', '18:00', '5500', 53000, FALSE, 1, 1, 3, 2, 3, 'This is the second one.', '', TRUE, 0, FALSE);

INSERT INTO MEDICALCHECKUP
(ID, DATE, TIME, DURATION, PRICE, FREE, CHECKUPTYPE_ID, CLINIC_ID, ROOM_ID, DOCTOR_ID, PATIENT_ID, NOTES, END_NOTES, FINISHED, VERSION, IN_PROGRESS)
VALUES (10, '05/06/2019', '8:00', '30066', 30, FALSE, 3, 1, 1, 2, null, 'This is the third one.', '', TRUE, 0, FALSE);

INSERT INTO MEDICALCHECKUP
(ID, DATE, TIME, DURATION, PRICE, FREE, CHECKUPTYPE_ID, CLINIC_ID, ROOM_ID, DOCTOR_ID, PATIENT_ID, NOTES, END_NOTES, FINISHED, VERSION, IN_PROGRESS)
VALUES (11, '05/06/2020', '3:00', '3007', 600, FALSE, 1, 1, 2, 1, null, 'This is the fourth one.', '', TRUE, 0, FALSE);

INSERT INTO MEDICALCHECKUP
(ID, DATE, TIME, DURATION, PRICE, FREE, CHECKUPTYPE_ID, CLINIC_ID, ROOM_ID, DOCTOR_ID, PATIENT_ID, NOTES, END_NOTES, FINISHED, VERSION, IN_PROGRESS)
VALUES (12, '01/04/2020', '23:00', '4', 30, FALSE, 2, 1, 2, 1, null, 'This is the fifth one.', '', TRUE, 0, FALSE);

INSERT INTO MEDICALCHECKUP
(ID, DATE, TIME, DURATION, PRICE, FREE, CHECKUPTYPE_ID, CLINIC_ID, ROOM_ID, DOCTOR_ID, PATIENT_ID, NOTES, END_NOTES, FINISHED, VERSION, IN_PROGRESS)
VALUES (13, '01/03/2020', '22:00', '50', 30, FALSE, 3, 1, null, 1, 1, 'This is the sixth one.', '', TRUE, 0, FALSE);

INSERT INTO MEDICALCHECKUP
(ID, DATE, TIME, DURATION, PRICE, FREE, CHECKUPTYPE_ID, CLINIC_ID, ROOM_ID, DOCTOR_ID, PATIENT_ID, NOTES, END_NOTES, FINISHED, VERSION, IN_PROGRESS)
VALUES (14, '01/03/2020', '18:00', '10', 30, FALSE, 2, 1, null, 1, 3, 'This is the seventh one.', '', TRUE, 0, FALSE);

--ALL ON THE SAME DATE
INSERT INTO MEDICALCHECKUP
(ID, DATE, TIME, DURATION, PRICE, FREE, CHECKUPTYPE_ID, CLINIC_ID, ROOM_ID, DOCTOR_ID, PATIENT_ID, NOTES, END_NOTES, FINISHED, VERSION, IN_PROGRESS)
VALUES (15, '10/10/2020', '9:00', '30066', 30, FALSE, 3, 1, 1, 2, 1, 'This is the third one.', '', FALSE, 0, FALSE);

INSERT INTO MEDICALCHECKUP
(ID, DATE, TIME, DURATION, PRICE, FREE, CHECKUPTYPE_ID, CLINIC_ID, ROOM_ID, DOCTOR_ID, PATIENT_ID, NOTES, END_NOTES, FINISHED, VERSION, IN_PROGRESS)
VALUES (16, '10/10/2020', '19:00', '30066', 30, FALSE, 3, 1, 2, 2, 3, 'This is the third one.', '', FALSE, 0, FALSE);

INSERT INTO MEDICALCHECKUP
(ID, DATE, TIME, DURATION, PRICE, FREE, CHECKUPTYPE_ID, CLINIC_ID, ROOM_ID, DOCTOR_ID, PATIENT_ID, NOTES, END_NOTES, FINISHED, VERSION, IN_PROGRESS)
VALUES (17, '10/10/2020', '13:40', '30066', 30, FALSE, 3, 1, 3, 2, 1, 'This is the third one.', '', FALSE, 0, FALSE);

INSERT INTO MEDICALCHECKUP
(ID, DATE, TIME, DURATION, PRICE, FREE, CHECKUPTYPE_ID, CLINIC_ID, ROOM_ID, DOCTOR_ID, PATIENT_ID, NOTES, END_NOTES, FINISHED, VERSION, IN_PROGRESS)
VALUES (18, '10/10/2020', '18:20', '30066', 30, FALSE, 3, 1, 4, 2, 3, 'This is the third one.', '', FALSE, 0, FALSE);

INSERT INTO MEDICALCHECKUP
(ID, DATE, TIME, DURATION, PRICE, FREE, CHECKUPTYPE_ID, CLINIC_ID, ROOM_ID, DOCTOR_ID, PATIENT_ID, NOTES, END_NOTES, FINISHED, VERSION, IN_PROGRESS)
VALUES (19, '10/10/2020', '3:00', '30066', 30, FALSE, 3, 1, 5, 2, 1, 'This is the third one.', '', FALSE, 0, FALSE);

--MORE
INSERT INTO MEDICALCHECKUP
(ID, DATE, TIME, DURATION, PRICE, FREE, CHECKUPTYPE_ID, CLINIC_ID, ROOM_ID, DOCTOR_ID, PATIENT_ID, NOTES, END_NOTES, FINISHED, VERSION, IN_PROGRESS)
VALUES (20, '09/04/2020', '8:00', '30066', 30, FALSE, 3, 1, 1, 2, 1, 'This is the third one.', '', FALSE, 0, FALSE);

INSERT INTO MEDICALCHECKUP
(ID, DATE, TIME, DURATION, PRICE, FREE, CHECKUPTYPE_ID, CLINIC_ID, ROOM_ID, DOCTOR_ID, PATIENT_ID, NOTES, END_NOTES, FINISHED, VERSION, IN_PROGRESS)
VALUES (21, '09/05/2020', '8:00', '30066', 30, FALSE, 3, 1, 1, 2, 1, 'This is the third one.', '', FALSE, 0, FALSE);

INSERT INTO MEDICALCHECKUP
(ID, DATE, TIME, DURATION, PRICE, FREE, CHECKUPTYPE_ID, CLINIC_ID, ROOM_ID, DOCTOR_ID, PATIENT_ID, NOTES, END_NOTES, FINISHED, VERSION, IN_PROGRESS)
VALUES (22, '09/06/2020', '8:00', '30066', 30, FALSE, 3, 1, 1, 2, 1, 'This might not be the third one.', '', FALSE, 0, FALSE);


--VACATION
INSERT INTO VACATION
(ID, DOCTOR_ID, START_DATE, END_DATE, APPROVED, ENABLED, TYPE, VERSION)
VALUES (1, 2, '01/01/2020', '03/03/2020', FALSE, TRUE, 'VACATION', 0);

INSERT INTO VACATION
(ID, DOCTOR_ID, START_DATE, END_DATE, APPROVED, ENABLED, TYPE, VERSION)
VALUES (2, 2, '01/01/2020', '03/05/2020', FALSE, FALSE, 'VACATION', 0);

INSERT INTO VACATION
(ID, DOCTOR_ID, START_DATE, END_DATE, APPROVED, ENABLED, TYPE, VERSION)
VALUES (3, 2, '01/01/2020', '10/10/2020', FALSE, FALSE, 'LEAVE', 0);

INSERT INTO VACATION
(ID, DOCTOR_ID, START_DATE, END_DATE, APPROVED, ENABLED, TYPE, VERSION)
VALUES (4, 3, '01/01/2020', '04/07/2020', FALSE, TRUE, 'VACATION', 0);

INSERT INTO VACATION
(ID, DOCTOR_ID, START_DATE, END_DATE, APPROVED, ENABLED, TYPE, VERSION)
VALUES (5, 2, '01/10/2020', '02/10/2020', TRUE, TRUE, 'LEAVE', 0);


--DOCTORRATING
INSERT INTO DOCTORRATING
(ID, USER_ID, DOCTOR_ID, RATING, COMMENT)
VALUES (1, 1, 1, 9.5, 'Hey, that''s pretty good!');

INSERT INTO DOCTORRATING
(ID, USER_ID, DOCTOR_ID, RATING, COMMENT)
VALUES (2, 1, 2, 6.3, 'It was ok');

INSERT INTO DOCTORRATING
(ID, USER_ID, DOCTOR_ID, RATING, COMMENT)
VALUES (3, 1, 3, 3.3, 'It wasn''t ok');

INSERT INTO DOCTORRATING
(ID, USER_ID, DOCTOR_ID, RATING, COMMENT)
VALUES (4, 2, 1, 7, 'idk man');

INSERT INTO DOCTORRATING
(ID, USER_ID, DOCTOR_ID, RATING, COMMENT)
VALUES (5, 2, 2, 2.9, 'That helped');

INSERT INTO DOCTORRATING
(ID, USER_ID, DOCTOR_ID, RATING, COMMENT)
VALUES (6, 2, 3, 3.4, 'why');

INSERT INTO DOCTORRATING
(ID, USER_ID, DOCTOR_ID, RATING, COMMENT)
VALUES (7, 3, 1, 1, 'no comment');

INSERT INTO DOCTORRATING
(ID, USER_ID, DOCTOR_ID, RATING, COMMENT)
VALUES (8, 3, 2, 10, 'nice');

INSERT INTO DOCTORRATING
(ID, USER_ID, DOCTOR_ID, RATING, COMMENT)
VALUES (9, 3, 3, 5, '');

INSERT INTO DOCTORRATING
(ID, USER_ID, DOCTOR_ID, RATING, COMMENT)
VALUES (10, 4, 1, 10, 'this is a comment');

INSERT INTO DOCTORRATING
(ID, USER_ID, DOCTOR_ID, RATING, COMMENT)
VALUES (11, 4, 2, 8, 'yeah');

INSERT INTO DOCTORRATING
(ID, USER_ID, DOCTOR_ID, RATING, COMMENT)
VALUES (12, 4, 3, 2, 'no');

INSERT INTO DOCTORRATING
(ID, USER_ID, DOCTOR_ID, RATING, COMMENT)
VALUES (13, 5, 1, 4.3, 'i guess...');

INSERT INTO DOCTORRATING
(ID, USER_ID, DOCTOR_ID, RATING, COMMENT)
VALUES (14, 5, 2, 7.2, 'hmmm...');

INSERT INTO DOCTORRATING
(ID, USER_ID, DOCTOR_ID, RATING, COMMENT)
VALUES (15, 5, 3, 3, 'eee hehehehehe');


--CLINICRATING
INSERT INTO CLINICRATING
(ID, USER_ID, CLINIC_ID, RATING, COMMENT)
VALUES (1, 1, 1, 3, 'noooooo');

INSERT INTO CLINICRATING
(ID, USER_ID, CLINIC_ID, RATING, COMMENT)
VALUES (2, 1, 2, 1, 'still no');

INSERT INTO CLINICRATING
(ID, USER_ID, CLINIC_ID, RATING, COMMENT)
VALUES (3, 2, 1, 3.4, 'That''s no good!');

INSERT INTO CLINICRATING
(ID, USER_ID, CLINIC_ID, RATING, COMMENT)
VALUES (4, 2, 2, 8.3, 'That''s it!');

INSERT INTO CLINICRATING
(ID, USER_ID, CLINIC_ID, RATING, COMMENT)
VALUES (5, 3, 1, 9.3, 'yes!!!');

INSERT INTO CLINICRATING
(ID, USER_ID, CLINIC_ID, RATING, COMMENT)
VALUES (6, 3, 2, 5, 'ok');

INSERT INTO CLINICRATING
(ID, USER_ID, CLINIC_ID, RATING, COMMENT)
VALUES (7, 4, 1, 4.6, 'test test');

INSERT INTO CLINICRATING
(ID, USER_ID, CLINIC_ID, RATING, COMMENT)
VALUES (8, 4, 2, 8.9, 'mhm');

INSERT INTO CLINICRATING
(ID, USER_ID, CLINIC_ID, RATING, COMMENT)
VALUES (9, 5, 1, 4.3, 'another comment');

INSERT INTO CLINICRATING
(ID, USER_ID, CLINIC_ID, RATING, COMMENT)
VALUES (10, 5, 2, 5.2, 'heheehehheheeh');

